ProductID,ProductCategory,TotalNetSales,TotalCOGS,TotalShipping,TotalQuantity,TotalReturns,OperationalProfit
PROD353,Fashion,62084.1,40964.906,965,22,0,20154.193999999996
PROD209,Lifestyle,51854.0,33796.009,442,14,0,17615.991
PROD211,Fashion,41878.45,25794.453,835,15,1,15248.996999999996
PROD465,Electronics,54261.8,39016.431,585,14,0,14660.369000000006
PROD130,Electronics,78181.3,62021.681,1520,26,1,14639.619000000006
PROD356,Fashion,56294.9,41314.512,566,13,0,14414.387999999999
PROD480,Lifestyle,35690.0,20900.362999999998,496,8,0,14293.637000000002
PROD414,Fashion,34295.0,19868.328999999998,559,14,0,13867.671000000002
PROD357,Lifestyle,30344.3,16970.667999999998,501,9,0,12872.632000000001
PROD327,Lifestyle,48418.85,35492.723,561,20,2,12365.127
PROD113,Fashion,42512.5,29755.234000000004,465,16,1,12292.265999999996
PROD471,Electronics,38138.8,25242.54,1020,19,0,11876.260000000002
PROD399,Electronics,29681.8,17469.814,397,7,0,11814.986
PROD127,Electronics,36043.8,24029.371,450,12,1,11564.429000000004
PROD491,Lifestyle,35232.9,23072.913999999997,673,13,0,11486.986000000004
PROD266,Fashion,28301.45,16356.374,467,12,0,11478.076000000001
PROD365,Electronics,28223.25,16349.112000000001,485,8,1,11389.137999999999
PROD200,Electronics,25973.0,14219.433,434,8,0,11319.567
PROD399,Fashion,36944.3,24642.7,1051,15,0,11250.600000000002
PROD474,Lifestyle,31262.0,19896.35,236,8,0,11129.650000000001
PROD198,Fashion,34779.2,23513.79,232,8,0,11033.409999999996
PROD306,Electronics,52968.1,41415.837,789,17,1,10763.262999999999
PROD125,Electronics,43889.7,32771.585,359,17,0,10759.114999999998
PROD396,Fashion,42513.0,31134.101000000002,656,10,0,10722.898999999998
PROD428,Lifestyle,35099.5,23959.914,446,11,0,10693.586
PROD427,Fashion,29066.0,18026.572,360,14,0,10679.428
PROD220,Electronics,30740.0,19801.1,292,8,1,10646.900000000001
PROD335,Lifestyle,28808.75,17937.083,236,7,0,10635.667000000001
PROD188,Electronics,42208.0,31158.559999999998,456,15,0,10593.440000000002
PROD395,Electronics,35991.2,24383.851,1151,17,0,10456.348999999998
PROD467,Fashion,33924.9,22867.264,655,11,0,10402.636000000002
PROD193,Electronics,42918.8,31961.226000000002,560,17,0,10397.574
PROD148,Electronics,29409.75,18436.375,600,12,0,10373.375
PROD488,Fashion,29885.0,18908.752,613,8,1,10363.248
PROD177,Fashion,30285.0,19755.696,297,9,0,10232.304
PROD219,Lifestyle,30491.55,19080.432,1259,15,0,10152.117999999999
PROD343,Fashion,42294.1,31220.477,934,15,0,10139.623
PROD437,Electronics,32737.5,22275.882,369,11,0,10092.617999999999
PROD430,Lifestyle,32739.4,22231.596,425,10,0,10082.804
PROD174,Lifestyle,34198.6,23480.756999999998,698,13,0,10019.843
PROD109,Fashion,31258.25,20720.331,632,14,1,9905.919000000002
PROD132,Lifestyle,26057.4,16026.601999999999,357,7,0,9673.798000000003
PROD388,Electronics,45915.7,35256.3897,1045,14,0,9614.310299999997
PROD212,Fashion,21934.600000000002,12078.387,244,5,0,9612.213000000002
PROD242,Fashion,28434.45,17906.817,941,12,1,9586.633000000002
PROD379,Electronics,30903.8,20694.568,731,12,0,9478.232
PROD331,Fashion,22120.0,12590.39,143,5,0,9386.61
PROD171,Fashion,25527.15,15290.0363,885,12,0,9352.113700000002
PROD107,Lifestyle,21880.0,12416.22,139,5,0,9324.78
PROD352,Lifestyle,35350.6,25507.082,525,12,0,9318.518
PROD311,Lifestyle,37880.8,28038.032,634,11,0,9208.768000000004
PROD285,Fashion,21859.5,12676.48,188,5,0,8995.02
PROD470,Lifestyle,24008.0,14641.445,381,9,0,8985.555
PROD124,Lifestyle,19836.0,10605.65,254,4,0,8976.35
PROD198,Electronics,30654.300000000003,21478.0991,380,14,1,8796.200900000003
PROD363,Lifestyle,20890.0,11886.75,218,5,0,8785.25
PROD157,Fashion,21475.5,12317.864000000001,396,7,1,8761.635999999999
PROD384,Electronics,50819.4,40740.522,1337,19,0,8741.878000000004
PROD358,Electronics,20620.0,11694.49,214,5,1,8711.51
PROD410,Fashion,34462.8,25062.71,719,10,1,8681.090000000004
PROD195,Lifestyle,31032.1,21808.074,618,10,1,8606.025999999998
PROD162,Electronics,23357.0,14458.241,323,9,0,8575.759
PROD377,Fashion,27998.9,19004.176,445,12,1,8549.724000000002
PROD246,Lifestyle,23819.4,14965.208999999999,370,8,0,8484.191000000003
PROD393,Fashion,38810.0,29711.2379,623,19,0,8475.7621
PROD313,Lifestyle,27526.8,18898.245,162,8,0,8466.555
PROD447,Fashion,22754.2,13798.143,497,6,1,8459.057
PROD106,Fashion,25440.55,16418.686999999998,566,12,0,8455.863000000001
PROD397,Electronics,34113.1,24982.292,694,15,0,8436.807999999997
PROD123,Electronics,27083.550000000003,18297.01,502,9,1,8284.540000000005
PROD149,Lifestyle,34104.0,25020.451,817,13,1,8266.548999999999
PROD428,Fashion,42000.95,32386.201,1399,18,0,8215.748999999996
PROD142,Electronics,30665.1,22005.490999999998,453,11,0,8206.609
PROD261,Lifestyle,32932.8,24091.604,645,11,0,8196.196000000004
PROD194,Electronics,23423.9,14622.323,615,10,0,8186.577000000001
PROD135,Lifestyle,22146.0,13488.109,511,7,0,8146.891
PROD366,Fashion,22627.8,14084.753999999999,409,6,0,8134.046
PROD121,Electronics,28092.65,19250.159,804,11,1,8038.491000000002
PROD170,Fashion,25255.7,16168.659,1151,8,1,7936.041000000001
PROD448,Lifestyle,25109.6,16563.33,641,11,1,7905.269999999997
PROD153,Electronics,22200.6,13732.469000000001,595,8,0,7873.130999999998
PROD139,Electronics,23599.2,15414.418,317,8,0,7867.782000000001
PROD410,Electronics,20615.550000000003,12295.846500000001,491,8,0,7828.703500000001
PROD220,Lifestyle,34334.9,25799.548000000003,713,13,0,7822.351999999999
PROD243,Electronics,19518.0,11457.351999999999,308,5,0,7752.648000000001
PROD188,Fashion,26156.9,17611.752,811,13,0,7734.148000000001
PROD334,Electronics,25428.5,17183.388,552,12,1,7693.112000000001
PROD263,Fashion,15960.0,8027.304,247,5,0,7685.696
PROD244,Electronics,19971.9,12073.689,249,5,0,7649.211000000001
PROD255,Lifestyle,33201.6,24616.3261,946,21,0,7639.2739
PROD299,Lifestyle,18652.0,10728.3422,355,6,1,7568.657800000001
PROD119,Fashion,21685.0,14036.99,90,5,0,7558.01
PROD450,Electronics,26743.7,18670.381,570,9,1,7503.3189999999995
PROD488,Lifestyle,24643.800000000003,16438.393,768,8,3,7437.407000000003
PROD439,Fashion,27250.5,19352.092,494,14,0,7404.407999999999
PROD233,Electronics,22570.0,15045.68,135,5,1,7389.32
PROD288,Lifestyle,21701.25,14044.417000000001,282,9,0,7374.832999999999
PROD499,Fashion,25048.35,17348.472999999998,328,9,0,7371.877
PROD249,Fashion,27394.25,19610.859,440,9,0,7343.391
PROD493,Electronics,33097.5,25285.78,483,10,0,7328.720000000001
PROD382,Fashion,15905.0,8476.336,172,5,0,7256.664000000001
PROD249,Electronics,38406.75,30173.9229,982,22,0,7250.827099999999
PROD114,Fashion,38220.45,30173.711000000003,809,12,0,7237.738999999994
PROD224,Lifestyle,23782.7,16073.522,594,17,1,7115.178
PROD265,Lifestyle,21454.8,14129.353,222,7,0,7103.447
PROD261,Electronics,15248.0,8053.374,108,4,1,7086.626
PROD358,Fashion,31057.0,23364.646,610,10,0,7082.353999999999
PROD190,Electronics,24379.100000000002,17008.573,304,8,1,7066.527000000002
PROD387,Lifestyle,16668.0,9374.625,235,4,0,7058.375
PROD410,Lifestyle,26462.5,19085.09,348,10,1,7029.41
PROD159,Fashion,16985.0,9462.868,522,8,0,7000.132
PROD496,Fashion,38262.8,30472.126,793,16,0,6997.674000000003
PROD156,Fashion,22489.5,14707.350999999999,788,12,1,6994.149000000001
PROD148,Fashion,33250.4,25306.826,950,12,0,6993.5740000000005
PROD434,Lifestyle,35839.35,27566.2861,1300,12,1,6973.063899999997
PROD378,Electronics,25280.3,17369.3686,997,17,0,6913.931399999998
PROD113,Lifestyle,23649.0,16294.004,454,10,0,6900.995999999999
PROD196,Lifestyle,20170.75,12803.1642,482,9,0,6885.585800000001
PROD469,Fashion,35619.65,27969.905,814,12,1,6835.745000000003
PROD403,Lifestyle,27681.6,20252.669,608,8,0,6820.930999999997
PROD492,Lifestyle,30865.5,23765.604,395,12,0,6704.896000000001
PROD184,Fashion,46793.7,39020.321,1074,17,0,6699.3789999999935
PROD383,Fashion,19648.0,12978.91,64,4,0,6605.09
PROD129,Fashion,24395.35,17318.0631,491,12,1,6586.286899999999
PROD477,Fashion,31399.35,24185.385000000002,650,11,0,6563.9649999999965
PROD455,Lifestyle,24908.8,17705.338,646,12,2,6557.4619999999995
PROD253,Fashion,21402.8,14314.371,536,12,0,6552.429
PROD209,Fashion,22196.75,15570.66,75,5,0,6551.09
PROD375,Lifestyle,23438.75,16656.032,294,7,0,6488.718000000001
PROD296,Electronics,26727.15,19436.621,824,13,1,6466.529000000002
PROD268,Lifestyle,20998.1,13981.6173,563,9,1,6453.482699999999
PROD177,Electronics,22576.4,15559.306,567,8,0,6450.094000000001
PROD287,Fashion,31624.0,25039.476000000002,140,8,0,6444.523999999998
PROD381,Fashion,15785.5,8889.92,503,5,0,6392.58
PROD241,Lifestyle,24696.9,17650.471999999998,664,12,0,6382.4280000000035
PROD488,Electronics,19184.4,12046.7283,786,6,1,6351.671700000001
PROD248,Electronics,32937.9,25515.226,1073,13,0,6349.674000000003
PROD314,Electronics,28430.0,21727.455,354,8,0,6348.544999999998
PROD300,Lifestyle,19435.0,12746.843,346,6,1,6342.156999999999
PROD408,Lifestyle,28789.0,22053.33,428,9,1,6307.669999999998
PROD336,Electronics,21916.75,15025.85,609,13,1,6281.9
PROD137,Fashion,21216.2,14476.007,472,8,0,6268.193000000001
PROD482,Lifestyle,22485.0,15778.83,440,7,0,6266.17
PROD330,Electronics,19058.0,12609.649,233,9,0,6215.351000000001
PROD127,Fashion,22576.75,16098.69,265,5,0,6213.0599999999995
PROD313,Electronics,22166.6,15357.888,619,16,0,6189.711999999998
PROD235,Lifestyle,20455.0,13653.6122,644,11,0,6157.3878
PROD234,Electronics,13266.0,6865.606,249,7,0,6151.394
PROD483,Electronics,28398.6,21594.306,668,11,0,6136.293999999998
PROD432,Lifestyle,22288.2,15710.513,463,11,0,6114.687
PROD306,Fashion,14045.7,7466.1743,481,6,0,6098.525700000001
PROD173,Electronics,20183.7,13721.806,393,6,0,6068.894
PROD201,Fashion,15184.75,8793.454,328,8,1,6063.296
PROD364,Fashion,16593.4,9898.74,663,14,1,6031.660000000002
PROD368,Fashion,21102.6,14799.623,289,7,0,6013.976999999999
PROD423,Electronics,20745.05,14267.514,503,6,1,5974.536
PROD230,Lifestyle,18420.0,12088.717,388,6,0,5943.282999999999
PROD312,Fashion,20583.0,14291.935,351,6,2,5940.0650000000005
PROD310,Fashion,47866.9,40846.585,1091,19,0,5929.315000000002
PROD412,Electronics,24622.2,18320.932999999997,388,9,0,5913.2670000000035
PROD403,Fashion,27850.65,21261.671,686,10,0,5902.979000000003
PROD461,Fashion,13629.0,7546.546,193,3,1,5889.454
PROD498,Lifestyle,37274.75,30752.515,653,18,0,5869.235000000001
PROD130,Fashion,20843.7,14629.137999999999,368,6,0,5846.562000000002
PROD300,Fashion,19903.2,13645.552,417,7,0,5840.648000000001
PROD197,Lifestyle,20819.2,14417.13,596,8,1,5806.0700000000015
PROD351,Electronics,19271.25,13102.627,380,6,1,5788.623
PROD265,Electronics,16784.0,10742.14,255,5,1,5786.860000000001
PROD359,Electronics,20133.1,13992.937,393,7,0,5747.162999999999
PROD167,Lifestyle,18949.5,12954.2353,264,8,0,5731.2647
PROD457,Fashion,21878.0,15508.542,640,13,0,5729.4580000000005
PROD174,Fashion,25367.35,19014.456,650,10,0,5702.894
PROD406,Lifestyle,12899.1,7068.95,128,3,0,5702.150000000001
PROD189,Electronics,22942.3,16429.733,820,8,0,5692.566999999999
PROD451,Lifestyle,14067.7,7954.603,425,4,0,5688.097000000001
PROD181,Fashion,24275.0,18159.557,430,11,0,5685.442999999999
PROD161,Fashion,18018.6,11750.008,608,9,0,5660.591999999999
PROD476,Lifestyle,16384.0,10435.4276,305,12,2,5643.572399999999
PROD392,Fashion,12802.2,6932.565,231,3,0,5638.635000000001
PROD190,Lifestyle,24028.65,18037.368,364,7,1,5627.282000000003
PROD373,Lifestyle,18304.0,12506.68,182,4,0,5615.32
PROD415,Fashion,18759.9,12482.195,666,11,1,5611.705000000002
PROD231,Electronics,18964.3,12944.280999999999,428,9,1,5592.019
PROD259,Electronics,18573.0,12701.232,295,8,0,5576.768
PROD182,Fashion,18099.1,12062.913400000001,476,8,1,5560.186599999997
PROD155,Electronics,26305.5,20384.617,361,9,0,5559.883000000002
PROD162,Lifestyle,16435.0,10845.67,51,5,0,5538.33
PROD102,Lifestyle,15609.85,9341.6954,732,6,0,5536.1546
PROD380,Electronics,26877.6,20629.542,720,16,1,5528.057999999997
PROD222,Fashion,13449.85,7636.214,288,6,0,5525.636
PROD288,Fashion,19716.6,13785.139000000001,414,6,1,5517.4609999999975
PROD420,Fashion,22123.05,16212.376,403,7,0,5507.673999999999
PROD298,Lifestyle,30001.0,24167.79,335,10,0,5498.209999999999
PROD370,Lifestyle,32388.6,26301.172,622,11,0,5465.428
PROD292,Electronics,18556.199999999997,12572.1,538,6,0,5446.099999999997
PROD425,Fashion,19826.5,14186.37,209,5,0,5431.129999999999
PROD235,Fashion,20064.8,14224.069,453,9,1,5387.731
PROD377,Lifestyle,14167.6,8209.1759,572,5,1,5386.4241
PROD494,Electronics,23814.0,17953.034,476,6,1,5384.966
PROD186,Lifestyle,20308.25,14768.394,173,8,0,5366.856
PROD466,Lifestyle,29959.5,23875.642,748,13,0,5335.858
PROD143,Fashion,12664.0,7172.454,161,4,0,5330.546
PROD175,Fashion,11895.0,6284.826,297,5,0,5313.174
PROD466,Fashion,17797.0,12296.52,205,10,0,5295.48
PROD257,Electronics,17783.9,11973.2974,536,11,0,5274.602600000002
PROD426,Fashion,20854.5,15183.961,401,6,0,5269.539000000001
PROD287,Electronics,18813.4,13016.650999999998,542,7,0,5254.749000000003
PROD207,Lifestyle,28122.3,22417.297,468,10,0,5237.003000000001
PROD122,Lifestyle,18503.2,12822.646999999999,444,11,0,5236.553000000002
PROD475,Electronics,15619.2,10066.958,327,6,0,5225.242
PROD185,Electronics,14332.0,8787.099,330,6,0,5214.901
PROD256,Fashion,24348.6,19010.398,193,7,0,5145.2019999999975
PROD486,Lifestyle,25187.0,19272.2485,842,12,1,5072.7514999999985
PROD434,Fashion,12529.4,6897.725,565,6,0,5066.674999999999
PROD479,Lifestyle,25315.2,20039.405,231,9,1,5044.795000000002
PROD489,Lifestyle,19223.4,13692.704000000002,499,5,0,5031.696
PROD373,Fashion,29666.75,24371.1289,268,9,0,5027.6211
PROD131,Fashion,17381.75,12024.515000000001,335,7,1,5022.234999999999
PROD212,Lifestyle,21577.0,16216.8918,362,10,1,4998.108200000001
PROD468,Lifestyle,21701.0,16509.826,196,9,0,4995.173999999999
PROD407,Electronics,15416.75,9977.589,469,8,0,4970.161
PROD433,Fashion,15778.6,10560.979,257,4,1,4960.621000000001
PROD341,Lifestyle,13884.25,8731.369,221,5,0,4931.880999999999
PROD466,Electronics,16307.5,11209.269999999999,253,10,1,4845.230000000001
PROD128,Fashion,17816.95,12391.007,583,9,0,4842.943000000001
PROD403,Electronics,16771.0,11375.726999999999,562,6,0,4833.273000000001
PROD126,Lifestyle,17681.25,12501.367,349,7,0,4830.883
PROD499,Electronics,12042.0,6992.304,226,5,0,4823.696
PROD158,Electronics,23808.6,18821.099000000002,169,7,1,4818.500999999997
PROD330,Lifestyle,13769.099999999999,8576.527,403,5,0,4789.5729999999985
PROD374,Electronics,32814.6,27479.186999999998,565,14,1,4770.4130000000005
PROD421,Electronics,14161.5,9291.947,102,5,1,4767.553
PROD195,Fashion,15601.6,10571.704,267,5,0,4762.896000000001
PROD302,Lifestyle,21757.05,16224.051,772,15,0,4760.999
PROD418,Fashion,25714.2,20472.233,516,15,0,4725.967000000001
PROD161,Electronics,16922.65,11783.612,448,11,0,4691.038000000002
PROD324,Lifestyle,26188.45,20720.75,816,14,1,4651.700000000001
PROD328,Fashion,26604.0,21434.783,526,10,0,4643.217000000001
PROD203,Lifestyle,16173.75,11407.53,164,5,0,4602.219999999999
PROD137,Electronics,30826.0,25813.197,414,14,0,4598.803
PROD294,Lifestyle,10730.4,5943.2,236,5,0,4551.2
PROD462,Fashion,19577.4,14574.696,454,8,0,4548.7040000000015
PROD479,Fashion,14328.0,9078.020400000001,703,9,1,4546.979599999999
PROD485,Electronics,14987.5,10044.8148,404,11,0,4538.6852
PROD146,Fashion,14304.0,9444.769,334,5,0,4525.231
PROD180,Electronics,19837.3,14913.507,407,9,0,4516.793
PROD292,Fashion,14419.4,9666.275,245,7,0,4508.125
PROD319,Fashion,28743.65,23716.927,577,11,0,4449.723000000002
PROD157,Electronics,16025.1,11178.5913,413,7,0,4433.5087
PROD273,Electronics,24197.0,19148.513,623,10,0,4425.487000000001
PROD186,Electronics,21132.199999999997,16145.115,564,7,2,4423.084999999997
PROD303,Electronics,11709.0,6872.5419999999995,416,9,1,4420.4580000000005
PROD210,Lifestyle,11529.2,6593.975,520,4,0,4415.225
PROD194,Fashion,16516.0,11856.802,245,8,1,4414.198
PROD419,Lifestyle,11928.0,7313.035,233,4,0,4381.965
PROD189,Lifestyle,11540.0,6963.56,215,5,0,4361.44
PROD453,Electronics,15002.4,10176.857,465,6,0,4360.543
PROD323,Lifestyle,14120.0,9747.954,63,4,0,4309.046
PROD264,Electronics,14169.6,9593.181,277,4,0,4299.419
PROD130,Lifestyle,15145.2,10798.19,56,4,0,4291.01
PROD257,Lifestyle,23230.65,18607.161999999997,362,8,0,4261.488000000005
PROD251,Electronics,12324.6,7826.785,242,7,0,4255.8150000000005
PROD417,Fashion,15736.0,11197.75,287,4,0,4251.25
PROD477,Lifestyle,27697.95,22823.1428,629,10,1,4245.807199999999
PROD327,Fashion,32660.8,27615.434500000003,800,9,0,4245.365499999996
PROD375,Fashion,10334.05,5637.0034,453,4,0,4244.0466
PROD260,Lifestyle,23706.05,19115.297,349,9,0,4241.753000000001
PROD179,Lifestyle,11628.0,7113.008,281,4,0,4233.992
PROD181,Electronics,14086.4,9748.7228,121,6,0,4216.6772
PROD394,Lifestyle,13183.2,8804.379,173,4,0,4205.821
PROD227,Electronics,13830.0,9368.844,289,5,0,4172.156000000001
PROD132,Electronics,35959.8,31342.345999999998,450,13,1,4167.454000000005
PROD152,Electronics,15813.6,11433.455,213,9,1,4167.145
PROD491,Fashion,12770.3,8162.409,443,5,0,4164.891
PROD436,Electronics,16210.5,11658.103,395,10,1,4157.397000000001
PROD291,Lifestyle,10314.0,5919.838,245,4,0,4149.162
PROD288,Electronics,15095.800000000001,10574.902,385,5,0,4135.898000000001
PROD481,Electronics,17803.6,13479.338699999998,199,9,1,4125.2613
PROD275,Electronics,20812.5,16461.332000000002,238,7,0,4113.167999999998
PROD304,Fashion,14885.4,10399.516,373,7,0,4112.884
PROD226,Fashion,12649.8,7899.414000000001,641,8,1,4109.385999999999
PROD374,Lifestyle,11040.3,6766.845,165,3,0,4108.454999999999
PROD355,Fashion,25412.8,21096.726,210,8,0,4106.0740000000005
PROD457,Lifestyle,21053.7,16568.186999999998,392,7,0,4093.5130000000026
PROD240,Lifestyle,15732.0,11379.78,276,4,0,4076.2199999999993
PROD160,Lifestyle,11346.0,7023.461,262,3,0,4060.5389999999998
PROD147,Lifestyle,16218.0,11898.13,264,5,0,4055.870000000001
PROD318,Lifestyle,23949.6,19351.644,548,12,1,4049.9559999999983
PROD414,Lifestyle,12762.0,8516.692,196,6,0,4049.308000000001
PROD309,Lifestyle,10476.0,6116.276,334,5,0,4025.724
PROD281,Fashion,10645.8,6222.349,418,7,1,4005.450999999999
PROD241,Fashion,29511.8,24524.518,990,11,0,3997.2819999999992
PROD197,Electronics,21115.8,16650.745000000003,470,9,0,3995.0549999999967
PROD149,Electronics,18663.4,14430.537,245,6,0,3987.863000000001
PROD459,Fashion,32655.05,27915.016,765,20,0,3975.0339999999997
PROD487,Lifestyle,19436.0,15370.72,94,4,0,3971.2800000000007
PROD484,Electronics,17962.6,13914.11,79,4,0,3969.489999999998
PROD490,Lifestyle,12795.7,8505.654999999999,324,4,0,3966.045000000002
PROD367,Fashion,9464.85,5266.073,260,3,0,3938.777
PROD143,Electronics,21540.199999999997,17252.558,352,7,0,3935.641999999996
PROD199,Lifestyle,15216.8,11069.385,223,8,0,3924.414999999999
PROD308,Lifestyle,14853.0,10640.67,299,3,0,3913.33
PROD200,Lifestyle,10860.0,6650.049,299,4,0,3910.951
PROD441,Lifestyle,18242.6,13756.807,577,10,1,3908.792999999998
PROD248,Lifestyle,11289.6,7183.983,217,4,0,3888.617
PROD273,Fashion,14026.1,9580.094000000001,577,8,1,3869.0059999999994
PROD205,Lifestyle,13284.8,9260.107,173,4,0,3851.6929999999993
PROD173,Fashion,15017.4,10586.2434,580,6,0,3851.1566000000003
PROD298,Fashion,15835.0,11726.78,261,5,1,3847.2199999999993
PROD107,Electronics,18882.8,14156.831,889,13,0,3836.968999999999
PROD317,Fashion,16424.25,11811.654,776,8,1,3836.5959999999995
PROD477,Electronics,16169.2,11787.349,571,10,0,3810.8510000000006
PROD434,Electronics,18673.8,14335.219000000001,558,7,0,3780.5809999999983
PROD327,Electronics,9446.75,5429.242499999999,238,3,0,3779.5075000000006
PROD203,Fashion,22961.1,19015.444,168,7,0,3777.655999999999
PROD120,Lifestyle,13082.85,8590.5361,715,10,1,3777.313900000001
PROD191,Lifestyle,8984.4,4793.1767,421,7,0,3770.2232999999997
PROD284,Fashion,29330.9,25098.421000000002,492,11,0,3740.4789999999994
PROD365,Lifestyle,15687.4,11529.449,422,8,1,3735.950999999999
PROD206,Electronics,22782.4,18771.061,282,7,1,3729.339
PROD458,Fashion,20240.0,15762.8213,754,8,0,3723.1787000000004
PROD452,Electronics,26957.5,22693.007,565,9,1,3699.4929999999986
PROD324,Fashion,16860.15,12660.873599999999,526,12,1,3673.2764000000025
PROD115,Lifestyle,17192.4,13007.079000000002,523,8,1,3662.321
PROD375,Electronics,11025.0,7320.543,56,5,0,3648.4570000000003
PROD346,Lifestyle,8953.2,5105.943,205,3,0,3642.2570000000005
PROD281,Lifestyle,13193.0,9257.401,304,7,0,3631.599
PROD110,Fashion,11632.9,7702.418,308,3,0,3622.482
PROD168,Fashion,22795.25,19017.06,156,5,0,3622.1899999999987
PROD150,Fashion,20733.75,16592.262,535,8,0,3606.488000000001
PROD252,Lifestyle,15497.1,11414.055,486,8,0,3597.045
PROD339,Electronics,17201.55,12938.9382,677,8,0,3585.6117999999988
PROD217,Electronics,13411.5,9422.874,410,6,0,3578.626
PROD332,Lifestyle,15678.8,11806.199,310,6,0,3562.6009999999987
PROD422,Electronics,20942.8,16658.583,744,8,0,3540.2170000000006
PROD444,Fashion,10299.2,6490.1474,278,5,0,3531.052600000001
PROD450,Lifestyle,13201.75,8932.124,746,10,0,3523.626
PROD476,Electronics,11499.75,7689.306,291,5,0,3519.4440000000004
PROD458,Lifestyle,12598.2,8869.956,223,4,0,3505.2440000000006
PROD364,Lifestyle,24817.6,20952.877,385,6,0,3479.722999999998
PROD480,Electronics,9568.0,5827.757,264,4,0,3476.2430000000004
PROD208,Fashion,12928.0,9365.163,87,5,0,3475.8369999999995
PROD374,Fashion,23045.9,19014.1057,560,9,0,3471.7943000000014
PROD290,Fashion,13605.0,9958.106,183,5,0,3463.8940000000002
PROD419,Electronics,12911.25,8970.825,479,9,0,3461.4249999999993
PROD349,Electronics,32547.0,28630.010000000002,485,10,0,3431.989999999998
PROD296,Fashion,23667.25,19939.655,308,8,0,3419.595000000001
PROD248,Fashion,17921.0,14126.528999999999,392,7,0,3402.4710000000014
PROD112,Lifestyle,14256.0,10637.8,229,4,0,3389.2000000000007
PROD232,Electronics,12108.4,8158.966,564,5,0,3385.4339999999993
PROD280,Electronics,15049.2,11130.602,545,7,0,3373.598
PROD321,Electronics,16042.5,12577.9,108,5,0,3356.6000000000004
PROD159,Electronics,23477.0,19692.688000000002,460,6,0,3324.311999999998
PROD101,Electronics,11044.4,7483.972,249,6,0,3311.428
PROD178,Electronics,14350.8,10822.975999999999,228,8,0,3299.8240000000005
PROD351,Lifestyle,10538.0,6884.637,366,6,0,3287.3630000000003
PROD204,Fashion,7968.0,4588.425,94,4,0,3285.575
PROD172,Fashion,23404.5,19768.499,355,10,0,3281.001
PROD171,Electronics,12708.800000000001,9203.9383,228,8,0,3276.8617000000013
PROD389,Lifestyle,8190.0,4723.112,195,3,0,3271.888
PROD451,Electronics,10421.6,6733.742,426,9,0,3261.858
PROD158,Fashion,11886.0,8372.718,253,5,1,3260.2819999999992
PROD124,Fashion,14299.5,10898.581999999999,144,6,1,3256.9180000000015
PROD218,Lifestyle,9775.0,6219.523,299,5,0,3256.477
PROD384,Lifestyle,19442.3,15822.328,365,9,1,3254.9719999999998
PROD286,Lifestyle,10494.0,6952.299999999999,287,4,0,3254.7000000000007
PROD436,Lifestyle,11706.8,8013.334000000001,439,5,0,3254.4659999999985
PROD268,Electronics,8947.3,5511.005,213,7,0,3223.294999999999
PROD308,Electronics,13813.25,10112.194,480,7,0,3221.0560000000005
PROD489,Fashion,14330.6,10367.9882,757,9,0,3205.6118000000006
PROD448,Electronics,7920.0,4451.829,296,5,0,3172.1710000000003
PROD389,Fashion,18916.1,15326.25,422,11,0,3167.8499999999985
PROD122,Electronics,13548.9,10180.19,214,3,0,3154.709999999999
PROD120,Fashion,19263.0,15742.6126,375,11,0,3145.3873999999996
PROD250,Electronics,12005.15,8439.1644,421,7,0,3144.9856
PROD260,Electronics,16384.1,12503.2526,756,13,0,3124.8473999999987
PROD338,Electronics,15785.900000000001,12056.524000000001,618,10,0,3111.376
PROD224,Fashion,10854.0,7644.837,100,4,1,3109.1629999999996
PROD127,Lifestyle,10955.7,7459.728999999999,387,5,0,3108.9710000000014
PROD218,Fashion,14797.9,11229.9606,467,10,0,3100.9393999999993
PROD456,Fashion,16864.5,12933.984,860,13,0,3070.5159999999996
PROD402,Electronics,25949.4,22095.006999999998,798,10,1,3056.3930000000037
PROD240,Fashion,8626.5,5500.555,72,5,0,3053.9449999999997
PROD125,Fashion,12487.05,8994.1439,441,9,0,3051.9061
PROD286,Electronics,13764.0,10468.25,245,5,0,3050.75
PROD117,Lifestyle,10707.75,7354.094,314,5,0,3039.656
PROD407,Lifestyle,29316.35,25929.394999999997,350,9,0,3036.9550000000017
PROD151,Lifestyle,13413.9,10187.365,211,6,0,3015.535
PROD256,Electronics,12407.4,9055.5538,343,4,1,3008.8462
PROD187,Fashion,14330.4,10569.432,775,5,0,2985.967999999999
PROD144,Fashion,17705.8,14353.773,382,7,1,2970.027
PROD206,Lifestyle,7157.0,3975.3900000000003,223,4,0,2958.6099999999997
PROD252,Electronics,7159.2,3935.37,270,4,0,2953.83
PROD325,Electronics,13737.8,10425.419,360,6,1,2952.3809999999994
PROD290,Electronics,9420.0,6185.309,293,2,0,2941.691
PROD284,Electronics,10521.6,7224.2029999999995,362,7,1,2935.397000000001
PROD360,Lifestyle,9242.8,5934.905,406,6,1,2901.8949999999995
PROD140,Lifestyle,10132.2,6869.915999999999,389,5,0,2873.2840000000015
PROD165,Lifestyle,14524.5,11271.933,388,10,0,2864.566999999999
PROD338,Lifestyle,13331.7,9952.796999999999,516,4,1,2862.903000000002
PROD297,Lifestyle,17300.0,14381.53,106,5,0,2812.4699999999993
PROD199,Electronics,15241.0,11658.703000000001,775,8,0,2807.2969999999987
PROD379,Lifestyle,13008.0,10097.2,111,4,0,2799.7999999999993
PROD387,Fashion,8951.75,5728.4478,425,7,0,2798.3022
PROD471,Fashion,7052.0,3858.3851,402,5,0,2791.6149
PROD442,Electronics,17343.1,14129.062,436,9,1,2778.0379999999986
PROD447,Lifestyle,10065.0,6998.775,291,5,0,2775.2250000000004
PROD283,Electronics,8319.15,5313.119,233,3,0,2773.031
PROD384,Fashion,16125.1,12594.003999999999,766,8,0,2765.0960000000014
PROD333,Electronics,7404.3,4461.814,209,3,0,2733.486
PROD460,Lifestyle,19188.75,16164.23,295,5,0,2729.5200000000004
PROD108,Electronics,8111.1,5138.58,244,3,1,2728.5200000000004
PROD425,Lifestyle,10843.0,7578.3673,549,8,0,2715.6327
PROD205,Electronics,15892.0,12953.6,224,5,1,2714.3999999999996
PROD165,Fashion,8350.4,5369.287,269,4,0,2712.1129999999994
PROD222,Electronics,10581.35,7534.6128,338,5,0,2708.7372000000005
PROD416,Lifestyle,17725.6,14266.2723,753,11,0,2706.327699999998
PROD483,Fashion,18859.5,15861.43,297,5,1,2701.0699999999997
PROD472,Fashion,32607.8,29044.002900000003,873,15,0,2690.797099999996
PROD454,Electronics,9035.5,5850.74,506,3,0,2678.76
PROD400,Fashion,11555.8,8621.122,258,4,0,2676.678
PROD138,Fashion,6867.0,4089.385,101,3,0,2676.615
PROD270,Electronics,19393.7,16202.8527,526,7,0,2664.8473000000013
PROD153,Lifestyle,6248.0,3516.055,80,4,0,2651.945
PROD299,Electronics,6264.3,3402.587,234,2,0,2627.713
PROD134,Fashion,16986.0,14028.703000000001,330,6,0,2627.2969999999987
PROD205,Fashion,7353.0,4597.277,134,3,0,2621.723
PROD221,Electronics,10434.25,7294.74,532,6,0,2607.51
PROD498,Fashion,8024.0,5228.081,192,5,0,2603.919
PROD415,Lifestyle,8800.9,5884.3344,325,7,0,2591.5656
PROD337,Electronics,19170.0,16193.615999999998,393,7,0,2583.384000000002
PROD359,Lifestyle,16021.8,13240.085,200,6,0,2581.715
PROD204,Electronics,9053.5,6140.523,332,2,0,2580.977
PROD331,Electronics,12293.1,9663.348,51,3,0,2578.7520000000004
PROD438,Electronics,6906.0,4282.642,91,3,0,2532.358
PROD254,Lifestyle,11709.5,8842.213,340,9,0,2527.2870000000003
PROD272,Fashion,18244.0,15413.506000000001,307,6,0,2523.493999999999
PROD157,Lifestyle,9174.5,6344.879,307,4,0,2522.621
PROD472,Lifestyle,9068.6,6250.075,296,4,0,2522.5250000000005
PROD245,Lifestyle,17388.5,14385.069,485,7,0,2518.4310000000005
PROD444,Lifestyle,7548.7,4876.965,161,2,0,2510.7349999999997
PROD113,Electronics,16245.0,13476.31,269,5,0,2499.6900000000005
PROD183,Electronics,6288.0,3511.899,285,3,0,2491.101
PROD424,Fashion,9712.5,6746.8621,475,5,1,2490.6378999999997
PROD216,Electronics,23786.7,21052.853,244,9,0,2489.8470000000016
PROD318,Electronics,12487.85,9214.414,784,9,1,2489.4359999999997
PROD284,Lifestyle,18000.0,15016.844000000001,506,7,0,2477.155999999999
PROD431,Lifestyle,9554.85,6661.186500000001,420,6,0,2473.6634999999997
PROD229,Fashion,11090.25,8376.75,253,3,1,2460.5
PROD303,Fashion,5382.0,2832.051,90,2,0,2459.949
PROD186,Fashion,21773.55,18627.5489,698,9,0,2448.0010999999977
PROD452,Lifestyle,13907.0,10849.713,628,9,0,2429.2870000000003
PROD383,Lifestyle,11926.8,9347.65,151,4,1,2428.1499999999996
PROD436,Fashion,10695.0,8064.457,210,5,0,2420.5429999999997
PROD349,Lifestyle,9613.8,6813.864,401,4,1,2398.9359999999997
PROD120,Electronics,31074.2,27790.7406,887,15,1,2396.4593999999997
PROD338,Fashion,16438.5,13772.45,279,5,1,2387.0499999999993
PROD109,Electronics,7406.4,4870.605,153,8,0,2382.795
PROD252,Fashion,11323.2,8425.789,519,3,0,2378.411
PROD301,Fashion,15145.85,12357.699800000002,433,5,2,2355.150199999998
PROD302,Fashion,8172.6,5427.6467999999995,413,6,1,2331.953200000001
PROD495,Fashion,21576.2,18644.8111,603,19,0,2328.3889000000017
PROD299,Fashion,7997.4,5568.804,105,3,0,2323.5959999999995
PROD103,Fashion,9899.400000000001,7273.106,315,6,0,2311.2940000000017
PROD112,Fashion,16222.0,13533.033,379,8,0,2309.9670000000006
PROD216,Lifestyle,5662.0,3255.282,105,4,0,2301.718
PROD362,Electronics,12832.3,10154.363,384,6,1,2293.937
PROD346,Fashion,10550.55,7869.263999999999,392,4,1,2289.286
PROD360,Fashion,7475.3,5025.137,189,3,0,2261.1630000000005
PROD151,Electronics,10353.6,7826.187,268,3,0,2259.4130000000005
PROD225,Fashion,11125.2,8206.7083,661,7,0,2257.4917000000005
PROD128,Electronics,22677.6,19916.604,509,11,1,2251.995999999999
PROD145,Lifestyle,6183.0,3651.14,283,3,0,2248.86
PROD320,Fashion,10518.55,7955.843,319,4,0,2243.7069999999994
PROD386,Lifestyle,6582.0,4167.087,175,2,0,2239.9129999999996
PROD233,Lifestyle,5904.0,3532.343,136,2,0,2235.657
PROD143,Lifestyle,9612.0,7322.274,67,4,1,2222.7259999999997
PROD430,Electronics,9615.0,7269.245,141,4,0,2204.755
PROD258,Fashion,18784.2,16073.95,525,8,0,2185.25
PROD301,Electronics,10959.2,8561.791,220,4,0,2177.4090000000015
PROD256,Lifestyle,34874.9,31995.577,706,15,1,2173.3230000000003
PROD142,Lifestyle,6606.3,4172.58,279,2,0,2154.7200000000003
PROD293,Electronics,8440.0,6240.477,56,5,0,2143.523
PROD371,Lifestyle,10052.4,7557.269,357,5,0,2138.1309999999994
PROD291,Electronics,5285.0,3084.169,63,5,0,2137.831
PROD131,Electronics,12577.05,10255.4,192,3,1,2129.6499999999996
PROD208,Lifestyle,12523.95,9874.262999999999,529,7,0,2120.6870000000017
PROD214,Lifestyle,8085.6,5892.806,78,3,0,2114.794000000001
PROD104,Lifestyle,21733.8,18702.3247,927,17,0,2104.4752999999982
PROD421,Lifestyle,8205.8,5690.741,412,5,0,2103.0589999999993
PROD160,Electronics,8496.0,6003.191000000001,391,9,0,2101.8089999999993
PROD370,Electronics,19212.7,16415.5787,696,7,0,2101.1213000000025
PROD332,Fashion,5823.0,3522.613,204,2,0,2096.387
PROD449,Fashion,10979.2,8581.341,307,8,0,2090.8590000000004
PROD163,Lifestyle,19459.2,16951.629,425,8,0,2082.571
PROD355,Lifestyle,14361.3,11773.507000000001,511,8,0,2076.792999999998
PROD460,Electronics,24794.7,21692.309999999998,1029,15,0,2073.390000000003
PROD418,Electronics,16397.0,13989.409,337,5,0,2070.5910000000003
PROD342,Fashion,9868.2,7194.1293000000005,610,9,0,2064.0707
PROD126,Electronics,9365.349999999999,6748.7898000000005,553,5,1,2063.560199999998
PROD158,Lifestyle,6182.6,3998.153,121,2,0,2063.4470000000006
PROD123,Fashion,7660.0,5079.651,541,3,1,2039.3490000000002
PROD429,Fashion,16092.0,13766.21,290,4,0,2035.7900000000009
PROD264,Lifestyle,18726.45,15861.5956,837,13,0,2027.8544000000002
PROD329,Lifestyle,7593.6,5329.519,243,3,1,2021.0810000000001
PROD400,Electronics,13475.8,11199.824,258,5,0,2017.9759999999987
PROD470,Electronics,4260.0,2174.455,77,3,1,2008.545
PROD361,Lifestyle,7627.6,5124.734,500,3,1,2002.866
PROD104,Electronics,10821.6,8625.409,194,3,0,2002.1910000000007
PROD141,Fashion,14955.1,12619.986,334,6,1,2001.1139999999996
PROD306,Lifestyle,10763.65,8270.243,499,10,1,1994.4069999999992
PROD418,Lifestyle,13590.0,11276.932,329,5,2,1984.0679999999993
PROD486,Fashion,8313.9,6108.044,222,3,0,1983.8559999999998
PROD280,Lifestyle,8057.5,5775.411,310,6,0,1972.089
PROD425,Electronics,8099.85,5804.3326,327,5,0,1968.5174000000006
PROD485,Fashion,6410.6,4185.166,275,2,0,1950.4340000000002
PROD245,Fashion,9440.75,7303.493,191,5,1,1946.2569999999996
PROD468,Fashion,9537.45,7113.446,486,3,0,1938.0040000000008
PROD237,Electronics,4776.6,2629.92,214,4,0,1932.6800000000003
PROD393,Lifestyle,9625.5,7497.182,201,5,0,1927.3180000000002
PROD160,Fashion,16215.75,13675.7277,622,8,0,1918.0223000000005
PROD463,Fashion,11831.4,9652.922,265,9,0,1913.4779999999992
PROD341,Fashion,12746.05,10068.5139,765,9,0,1912.5360999999994
PROD177,Lifestyle,10036.0,7670.977,463,6,0,1902.0230000000001
PROD102,Fashion,6232.5,4134.054,197,5,1,1901.446
PROD445,Fashion,12245.1,10082.46,281,3,0,1881.6400000000012
PROD114,Lifestyle,8166.700000000001,5852.072999999999,441,6,0,1873.6270000000013
PROD462,Electronics,10012.5,7890.6720000000005,258,8,0,1863.8279999999995
PROD119,Electronics,12619.0,10350.565999999999,405,3,0,1863.434000000001
PROD478,Fashion,7758.0,5782.301,119,4,0,1856.6989999999996
PROD285,Lifestyle,16847.5,14334.771999999999,661,10,0,1851.728000000001
PROD455,Fashion,5037.0,3116.72,72,3,0,1848.2800000000002
PROD348,Lifestyle,7120.0,5110.247,168,5,0,1841.7529999999997
PROD440,Electronics,9064.8,7117.532,110,3,0,1837.2679999999991
PROD278,Fashion,6124.400000000001,4033.9873000000002,254,3,1,1836.4127000000003
PROD351,Fashion,4502.0,2570.054,101,1,0,1830.946
PROD150,Lifestyle,8498.7,6512.047,162,5,0,1824.6530000000012
PROD342,Electronics,6394.7,4082.6063999999997,489,6,0,1823.0936000000002
PROD108,Fashion,13608.6,11538.729,252,5,0,1817.871000000001
PROD390,Fashion,7672.0,5803.893,55,4,1,1813.107
PROD309,Fashion,6890.4,4877.749,203,6,1,1809.6509999999998
PROD173,Lifestyle,9046.0,6899.514999999999,338,6,0,1808.4850000000006
PROD485,Lifestyle,18560.3,16434.076999999997,325,6,0,1801.2230000000018
PROD271,Electronics,10270.2,8033.757,444,5,1,1792.4430000000011
PROD285,Electronics,9052.5,6830.069,437,7,0,1785.4309999999996
PROD116,Fashion,9585.2,7474.299,332,8,0,1778.9010000000007
PROD456,Lifestyle,6298.0,4227.2171,324,8,0,1746.7829000000002
PROD382,Electronics,9116.0,7257.786,112,4,0,1746.214
PROD416,Electronics,3836.0,1996.838,98,2,0,1741.162
PROD304,Lifestyle,8061.6,6171.89,150,3,1,1739.71
PROD337,Lifestyle,10292.4,8430.412,143,3,0,1718.9879999999994
PROD188,Lifestyle,5596.5,3429.0424000000003,450,3,0,1717.4575999999997
PROD397,Lifestyle,6038.0,4132.369,191,2,0,1714.6310000000003
PROD357,Fashion,8341.0,6452.382,183,4,0,1705.6180000000004
PROD423,Fashion,8606.25,6491.99,410,8,0,1704.2600000000002
PROD277,Electronics,10305.6,8117.579900000001,489,6,1,1699.0200999999997
PROD357,Electronics,4037.5,2172.313,172,5,0,1693.187
PROD152,Lifestyle,6599.0,4513.641,407,6,1,1678.3590000000004
PROD183,Lifestyle,4326.3,2573.784,75,1,1,1677.516
PROD316,Electronics,3994.0,2168.697,148,2,0,1677.3029999999999
PROD155,Lifestyle,11330.4,9474.472,197,3,1,1658.9279999999999
PROD168,Electronics,7438.0,5542.999,238,4,0,1657.0010000000002
PROD337,Fashion,7784.45,5790.708100000001,341,7,0,1652.741899999999
PROD258,Electronics,5476.5,3544.83,279,5,0,1652.67
PROD350,Lifestyle,5866.4,3913.163,316,5,0,1637.2369999999996
PROD223,Fashion,11421.3,9278.432,507,12,0,1635.8679999999986
PROD409,Electronics,14668.0,12804.05,230,5,0,1633.9500000000007
PROD401,Fashion,7402.1,5402.544,367,10,1,1632.5560000000005
PROD399,Lifestyle,9165.6,7481.189,58,3,0,1626.411
PROD212,Electronics,7966.700000000001,6004.906999999999,338,7,0,1623.7930000000015
PROD325,Fashion,6594.0,4924.317,51,2,0,1618.683
PROD234,Lifestyle,11019.9,9051.380000000001,350,5,0,1618.5199999999986
PROD362,Lifestyle,5372.0,3502.832,256,4,0,1613.1680000000001
PROD401,Electronics,5157.8,3438.659,107,4,0,1612.141
PROD438,Fashion,8002.3,6047.4222,356,11,1,1598.8778000000002
PROD483,Lifestyle,13513.6,11802.01,114,4,1,1597.5900000000001
PROD439,Electronics,6184.6,4478.925,112,4,0,1593.6750000000002
PROD210,Fashion,14321.0,12446.741,282,8,0,1592.259
PROD267,Fashion,24128.65,21899.271,666,12,0,1563.3790000000008
PROD164,Electronics,6184.5,4289.501,346,3,0,1548.9989999999998
PROD307,Fashion,4374.9,2659.24,167,1,0,1548.6599999999999
PROD251,Lifestyle,6800.55,4839.7676,413,5,1,1547.7824
PROD442,Lifestyle,6374.0,4713.227,127,2,0,1533.7730000000001
PROD136,Fashion,7388.5,5515.447,344,3,0,1529.0529999999999
PROD105,Fashion,4792.75,2744.8892,523,5,0,1524.8608
PROD214,Electronics,5415.0,3722.753,176,3,1,1516.2469999999998
PROD344,Lifestyle,19869.0,17746.275,609,7,1,1513.7249999999985
PROD123,Lifestyle,12514.5,10739.05,265,3,0,1510.4500000000007
PROD209,Electronics,10849.1,8857.01,487,4,2,1505.0900000000001
PROD271,Fashion,6536.6,4751.029,281,2,0,1504.571
PROD378,Fashion,3606.0,1997.99,117,3,0,1491.01
PROD301,Lifestyle,18465.6,16530.52,448,10,0,1487.079999999998
PROD356,Lifestyle,12260.7,10537.09,238,3,0,1485.6100000000006
PROD121,Lifestyle,18302.550000000003,16158.1765,662,13,0,1482.3735000000033
PROD169,Lifestyle,8692.95,7131.954,80,3,0,1480.996000000001
PROD150,Electronics,4587.3,3015.757,91,3,0,1480.5430000000001
PROD247,Electronics,5782.75,3905.3716,402,8,0,1475.3784
PROD312,Electronics,10208.300000000001,8326.493,411,6,0,1470.8070000000007
PROD446,Fashion,7239.0,5522.348,251,4,0,1465.652
PROD221,Lifestyle,7324.0,5385.5,477,7,0,1461.5
PROD352,Fashion,11981.25,10308.83,211,5,0,1461.42
PROD125,Lifestyle,23949.8,22155.57,333,7,0,1461.2299999999996
PROD238,Electronics,10602.0,8780.5831,369,7,1,1452.4169000000002
PROD390,Lifestyle,17493.75,15461.379,581,7,1,1451.3709999999992
PROD470,Fashion,7522.5,5621.380999999999,460,4,0,1441.1190000000006
PROD368,Electronics,11154.0,9482.937,231,4,0,1440.063
PROD421,Fashion,3458.0,1864.213,155,2,0,1438.787
PROD116,Electronics,3897.0,2129.8125,331,5,0,1436.1875
PROD475,Fashion,3866.0,2226.96,204,1,0,1435.04
PROD498,Electronics,10458.4,8823.493,200,4,1,1434.9069999999992
PROD469,Lifestyle,3630.0,1997.444,204,2,0,1428.556
PROD156,Lifestyle,5148.0,3561.112,160,2,0,1426.888
PROD112,Electronics,11186.55,9599.909599999999,162,4,0,1424.6404000000002
PROD320,Electronics,4826.35,3111.591,298,3,1,1416.7590000000005
PROD345,Lifestyle,9575.4,7901.627,272,4,0,1401.7729999999992
PROD443,Fashion,4692.0,3161.377,132,2,0,1398.623
PROD465,Lifestyle,4242.0,2710.016,136,3,0,1395.984
PROD178,Fashion,7918.6,6367.685,156,2,0,1394.915
PROD104,Fashion,8284.3,6550.7570000000005,340,9,0,1393.5429999999988
PROD317,Lifestyle,5931.0,4342.339,197,4,0,1391.661
PROD461,Electronics,6072.0,4572.785,121,5,0,1378.2150000000001
PROD297,Electronics,3653.8,2004.2131,280,2,0,1369.5869000000002
PROD464,Lifestyle,4520.0,2911.161,249,2,1,1359.839
PROD111,Fashion,11155.2,9367.438,431,4,0,1356.7620000000006
PROD336,Fashion,12279.6,10777.31,154,4,0,1348.2900000000009
PROD236,Lifestyle,3424.0,1906.557,192,4,1,1325.443
PROD270,Lifestyle,6503.4,4931.897,249,2,0,1322.5029999999997
PROD412,Fashion,4925.05,3320.37,290,3,1,1314.6800000000003
PROD474,Fashion,6145.2,4694.695,137,4,0,1313.505
PROD106,Electronics,22654.4,20752.208,597,10,0,1305.1920000000027
PROD222,Lifestyle,3978.6,2353.0973,327,7,0,1298.5027
PROD389,Electronics,3735.0,2243.444,205,1,0,1286.556
PROD197,Fashion,8358.1,6854.911,220,2,0,1283.1890000000003
PROD190,Fashion,4187.25,2804.987,115,3,0,1267.263
PROD168,Lifestyle,5407.35,3658.458,490,2,1,1258.8920000000003
PROD262,Lifestyle,7826.4,6304.811,263,3,0,1258.589
PROD253,Electronics,4939.0,3245.5773,439,8,0,1254.4227
PROD140,Fashion,3638.5,2110.453,274,2,1,1254.047
PROD153,Fashion,4652.0,3327.921,79,2,0,1245.0790000000002
PROD320,Lifestyle,6913.9,5395.865,278,2,0,1240.0349999999999
PROD411,Lifestyle,5792.2,4211.766,350,7,0,1230.4340000000002
PROD352,Electronics,19125.0,17640.422,259,10,1,1225.5780000000013
PROD213,Fashion,9025.599999999999,7492.504999999999,308,5,0,1225.0949999999993
PROD128,Lifestyle,5804.1,4381.109,198,3,1,1224.991
PROD349,Fashion,8376.0,6904.627,250,4,0,1221.3729999999996
PROD216,Fashion,6280.35,4876.4592,184,6,1,1219.8908000000001
PROD175,Lifestyle,15346.5,13729.9932,406,8,0,1210.5067999999992
PROD279,Lifestyle,12062.8,10210.659,643,8,0,1209.1409999999996
PROD154,Lifestyle,6178.0,4559.262000000001,418,6,0,1200.7379999999994
PROD494,Lifestyle,2848.0,1580.248,70,4,0,1197.752
PROD345,Electronics,10499.8,9024.741,278,5,0,1197.0589999999993
PROD137,Lifestyle,5100.0,3678.157,227,4,0,1194.8429999999998
PROD117,Fashion,4522.5,3251.072,77,5,0,1194.4279999999999
PROD478,Electronics,3447.0,2107.35,157,3,0,1182.65
PROD390,Electronics,3333.6,2076.354,76,2,0,1181.246
PROD404,Electronics,4290.0,2727.6214999999997,389,5,1,1173.3785000000003
PROD479,Electronics,4902.5,3327.6164,402,5,0,1172.8836000000001
PROD257,Fashion,3809.5,2551.542,97,1,0,1160.958
PROD292,Lifestyle,8595.0,7377.471,62,5,0,1155.5290000000005
PROD213,Electronics,2920.0,1679.881,86,2,1,1154.119
PROD264,Fashion,7347.9,5843.4977,358,7,0,1146.4022999999997
PROD249,Lifestyle,4182.5,2681.806,362,5,1,1138.694
PROD413,Electronics,3859.2,2488.448,233,1,0,1137.752
PROD360,Electronics,5650.5,3910.9058999999997,604,3,0,1135.5941000000003
PROD487,Electronics,20486.4,19000.778000000002,360,9,0,1125.6219999999994
PROD215,Electronics,13277.95,11313.115,844,8,0,1120.835000000001
PROD180,Fashion,4661.400000000001,3194.1481,347,5,0,1120.2519000000007
PROD107,Fashion,2937.0,1606.125,215,3,0,1115.875
PROD426,Lifestyle,6579.0,5197.8846,274,7,0,1107.1153999999997
PROD322,Electronics,6442.2,5122.689,216,2,0,1103.5109999999995
PROD276,Lifestyle,4669.75,3162.862,410,6,0,1096.888
PROD181,Lifestyle,4343.25,2733.904,515,3,0,1094.346
PROD326,Fashion,4612.0,3259.68,266,1,0,1086.3200000000002
PROD482,Fashion,18279.5,16595.7629,621,10,0,1062.7370999999985
PROD204,Lifestyle,2576.0,1400.569,118,2,0,1057.431
PROD429,Lifestyle,9757.25,8349.779999999999,357,4,0,1050.4700000000012
PROD217,Fashion,3106.5,1896.252,169,3,0,1041.248
PROD226,Lifestyle,5685.75,4363.265,282,3,0,1040.4849999999997
PROD184,Lifestyle,6188.8,5084.648,64,2,0,1040.152
PROD331,Lifestyle,11065.3,9656.528999999999,373,7,1,1035.7710000000006
PROD367,Electronics,2893.7,1771.061,92,1,1,1030.639
PROD458,Electronics,5020.8,3429.467,561,6,0,1030.333
PROD343,Lifestyle,3715.35,2538.489,173,1,0,1003.8609999999999
PROD231,Lifestyle,9719.5,8335.65,383,9,0,1000.8500000000004
PROD469,Electronics,3013.2,1861.401,153,3,0,998.7989999999998
PROD170,Lifestyle,4380.0,3307.83,80,2,0,992.1700000000001
PROD300,Electronics,9726.0,8379.562,356,3,0,990.4380000000001
PROD148,Lifestyle,4729.5,3643.874,96,3,0,989.6260000000002
PROD442,Fashion,17731.0,16592.04,154,5,0,984.9599999999991
PROD202,Lifestyle,4467.85,3060.459,423,2,0,984.3910000000005
PROD463,Lifestyle,13524.1,12012.637799999999,539,9,0,972.4622000000018
PROD342,Lifestyle,5320.1,3981.202,369,8,0,969.8980000000001
PROD172,Electronics,9958.0,8549.077,447,5,0,961.9230000000007
PROD333,Fashion,7872.0,6593.529,322,5,1,956.4709999999995
PROD118,Lifestyle,14681.2,13573.05,154,4,0,954.1500000000015
PROD377,Electronics,3771.5,2531.346,289,5,0,951.154
PROD166,Electronics,4094.55,2850.2513,297,5,0,947.2987000000003
PROD482,Electronics,9292.9,7877.104,470,3,1,945.7959999999994
PROD347,Lifestyle,4440.0,3305.348,197,5,0,937.652
PROD275,Lifestyle,6378.0,5207.009,236,2,0,934.991
PROD314,Fashion,4735.5,3750.433,57,5,0,928.067
PROD215,Lifestyle,4762.8,3607.236,230,2,0,925.5640000000003
PROD376,Lifestyle,7563.25,6392.523999999999,249,2,0,921.7260000000006
PROD464,Electronics,7573.5,6586.774,66,2,0,920.7259999999997
PROD447,Electronics,2639.0,1504.309,217,1,0,917.691
PROD171,Lifestyle,4282.6,2967.8966,406,3,0,908.7034000000003
PROD310,Lifestyle,12888.6,11819.529999999999,180,6,0,889.0700000000015
PROD201,Electronics,5701.6,4458.3646,360,2,1,883.2354000000005
PROD412,Lifestyle,21982.85,20842.783,257,12,1,883.0669999999991
PROD402,Fashion,14941.550000000001,13373.911,685,12,0,882.639000000001
PROD372,Fashion,8977.5,7765.334000000001,338,10,0,874.1659999999993
PROD228,Fashion,5850.6,4589.919,401,3,0,859.6810000000005
PROD409,Lifestyle,5949.0,4600.246,491,2,1,857.7539999999999
PROD276,Electronics,4552.2,3603.912,92,2,0,856.288
PROD180,Lifestyle,20456.25,19179.352,422,6,0,854.898000000001
PROD221,Fashion,2012.0,1106.363,56,4,0,849.637
PROD355,Electronics,3275.2,2207.306,222,2,1,845.8939999999998
PROD336,Lifestyle,6020.7,4835.145,340,5,2,845.5549999999994
PROD473,Electronics,2150.0,1214.761,109,2,0,826.239
PROD281,Electronics,3730.3999999999996,2790.81,114,5,0,825.5899999999997
PROD381,Lifestyle,2329.0,1238.751,273,1,0,817.249
PROD325,Lifestyle,5572.8,4342.871,414,3,1,815.9290000000001
PROD385,Fashion,8406.0,7285.053,308,6,0,812.9470000000001
PROD172,Lifestyle,14055.75,12574.452,672,9,0,809.2980000000007
PROD491,Electronics,3441.65,2364.112,269,2,0,808.538
PROD295,Electronics,2375.0,1414.276,166,2,0,794.7239999999999
PROD345,Fashion,2411.0,1440.064,186,1,0,784.9359999999999
PROD414,Electronics,5103.4,4236.673,88,2,0,778.7269999999999
PROD499,Lifestyle,14637.8,13519.624,346,5,0,772.1759999999995
PROD278,Electronics,5645.0,4477.734,397,3,1,770.2659999999996
PROD340,Electronics,3316.0,2263.417,286,1,0,766.5830000000001
PROD163,Electronics,4744.0,3698.312,282,2,0,763.6880000000001
PROD211,Electronics,3548.0,2674.725,113,1,0,760.2750000000001
PROD462,Lifestyle,5363.5,4090.759,519,7,0,753.741
PROD255,Electronics,3491.8,2497.122,243,2,0,751.6780000000003
PROD443,Electronics,8884.55,7793.023999999999,341,5,0,750.5259999999998
PROD100,Electronics,2235.6,1251.028,238,3,0,746.5719999999999
PROD196,Electronics,4263.6,3285.977,236,2,0,741.6230000000005
PROD111,Lifestyle,3010.0,2141.42,128,2,0,740.5799999999999
PROD282,Electronics,13438.35,12199.354899999998,499,8,0,739.9951000000019
PROD182,Lifestyle,3255.0,2387.903,137,5,1,730.0970000000002
PROD225,Electronics,4225.35,3420.223,79,3,0,726.1270000000004
PROD476,Fashion,4680.0,3597.9494999999997,361,3,2,721.0505000000003
PROD366,Electronics,4361.25,3564.61,82,5,1,714.6399999999999
PROD290,Lifestyle,7572.6,6609.628,250,2,1,712.9720000000007
PROD255,Fashion,7039.0,5566.5242,779,7,1,693.4758000000002
PROD322,Fashion,3378.75,2388.62,299,1,0,691.1300000000001
PROD353,Electronics,10038.0,9165.236,182,5,0,690.7639999999992
PROD187,Electronics,4358.4,3570.044,104,3,0,684.3559999999998
PROD455,Electronics,10444.8,9468.368600000002,293,6,1,683.4313999999977
PROD108,Lifestyle,16141.699999999999,15057.102,405,7,0,679.5979999999981
PROD167,Electronics,6665.25,5497.9439999999995,491,5,0,676.3060000000005
PROD475,Lifestyle,3244.0,2081.2147999999997,487,2,0,675.7852000000003
PROD231,Fashion,12533.0,11341.1773,520,6,0,671.8227000000006
PROD156,Electronics,5716.8,4639.8562999999995,413,5,0,663.9437000000007
PROD265,Fashion,6506.4,5754.728,91,3,0,660.6719999999996
PROD266,Electronics,5246.2,4527.277,67,2,0,651.9229999999998
PROD428,Electronics,3592.0,2716.643,226,4,0,649.357
PROD129,Lifestyle,3676.5,2753.536,287,5,0,635.9639999999999
PROD272,Electronics,2397.0,1519.04,242,3,0,635.96
PROD225,Lifestyle,11395.2,10506.59,256,4,1,632.6100000000006
PROD319,Lifestyle,6585.15,5400.845,556,7,0,628.3049999999994
PROD391,Electronics,3939.3,3258.285,55,1,0,626.0150000000003
PROD105,Electronics,2711.0,1983.53,107,1,0,620.47
PROD267,Lifestyle,5289.9,4418.0533,253,6,0,618.8467
PROD184,Electronics,1476.0,783.7383,76,1,1,616.2617
PROD457,Electronics,3706.0,2919.056,176,5,0,610.944
PROD219,Electronics,3621.0,2793.513,226,3,0,601.4870000000001
PROD202,Electronics,1858.0,976.9668,280,1,1,601.0332
PROD431,Fashion,2752.8,1959.392,198,3,0,595.4080000000001
PROD431,Electronics,1800.0,1147.647,70,5,0,582.3530000000001
PROD238,Lifestyle,2465.0,1722.416,161,5,0,581.5840000000001
PROD393,Electronics,2433.0,1652.541,201,1,0,579.4590000000001
PROD392,Lifestyle,3618.0,2781.36,264,5,0,572.6399999999999
PROD164,Fashion,7849.5,6943.693,345,8,1,560.8069999999998
PROD193,Fashion,2936.0,2317.246,58,2,0,560.7539999999999
PROD109,Lifestyle,2937.4,2039.3980999999999,343,5,0,555.0019000000002
PROD379,Fashion,2012.8,1261.35,212,4,0,539.45
PROD397,Fashion,3211.2,2625.07,57,4,0,529.1299999999997
PROD291,Fashion,1756.0,1134.175,99,1,0,522.825
PROD289,Lifestyle,3114.0,2424.689,167,1,0,522.3110000000001
PROD423,Lifestyle,2168.85,1381.105,272,3,0,515.7449999999999
PROD361,Fashion,1919.2,1244.101,160,1,0,515.0989999999999
PROD149,Fashion,4914.0,4320.461,79,4,0,514.5389999999998
PROD321,Lifestyle,1899.75,1187.359,199,5,0,513.3910000000001
PROD227,Lifestyle,4365.9,3716.506,139,3,0,510.3939999999998
PROD230,Electronics,10775.25,10189.78,77,3,1,508.46999999999935
PROD312,Lifestyle,1453.5,897.8873,53,5,0,502.6127
PROD131,Lifestyle,3345.3,2622.579,228,3,0,494.721
PROD398,Electronics,5616.0,5002.231,121,3,1,492.76900000000023
PROD119,Lifestyle,1915.2,1213.589,218,4,0,483.6110000000001
PROD446,Electronics,6580.05,5625.597,484,6,0,470.45300000000043
PROD139,Fashion,1873.4,1331.199,73,2,0,469.201
PROD371,Fashion,6241.25,5532.097,241,4,1,468.15300000000025
PROD484,Fashion,25057.0,23994.297,595,11,0,467.70300000000134
PROD365,Fashion,1254.0,735.474,53,3,0,465.52599999999995
PROD405,Electronics,1753.7,1100.331,197,1,0,456.36900000000014
PROD396,Electronics,3182.4,2519.248,208,2,0,455.15200000000004
PROD408,Electronics,1928.8,1250.164,225,1,1,453.63599999999997
PROD335,Fashion,1520.0,924.3064,143,5,0,452.69359999999995
PROD144,Electronics,2096.0,1565.157,89,2,0,441.8430000000001
PROD311,Electronics,14003.55,13012.328000000001,553,5,0,438.22199999999793
PROD230,Fashion,7631.4,6417.313999999999,780,6,0,434.08600000000024
PROD439,Lifestyle,2277.65,1516.7211,328,2,0,432.9289000000001
PROD251,Fashion,2098.65,1408.69,259,1,0,430.96000000000004
PROD311,Fashion,3957.0,3015.6580000000004,512,8,0,429.34199999999964
PROD269,Electronics,5323.6,4418.58,477,3,0,428.02000000000044
PROD380,Fashion,6286.0,5545.3579,313,3,0,427.6421
PROD350,Electronics,12956.4,12260.857,270,8,0,425.54299999999967
PROD406,Electronics,2931.3,2062.7836,444,8,0,424.5164
PROD229,Electronics,5737.6,5216.902,105,4,0,415.6980000000003
PROD262,Fashion,6859.2,6182.987,262,2,1,414.21299999999974
PROD437,Fashion,4882.3,4059.75,410,3,0,412.5500000000002
PROD141,Electronics,11239.4,10422.197,420,8,0,397.2029999999995
PROD456,Electronics,6919.0,6295.625,229,2,0,394.375
PROD356,Electronics,2759.15,2001.7766,376,2,0,381.3734000000002
PROD398,Fashion,4095.0,3471.98,246,3,1,377.02
PROD272,Lifestyle,2006.4,1353.557,276,2,0,376.8430000000001
PROD250,Fashion,1368.0,931.8387,63,4,0,373.1613
PROD258,Lifestyle,14266.4,13696.733,197,7,0,372.66699999999946
PROD463,Electronics,1950.0,1431.341,146,5,0,372.6590000000001
PROD244,Fashion,6255.7,5689.185799999999,197,6,0,369.5142000000005
PROD178,Lifestyle,9361.05,8747.244,265,3,0,348.8059999999987
PROD381,Electronics,3453.8,2879.729,229,2,0,345.07100000000037
PROD328,Electronics,5274.6,4628.843000000001,302,6,1,343.7569999999996
PROD166,Lifestyle,2167.0,1580.3504,246,4,0,340.64959999999996
PROD363,Fashion,4623.0,4005.548,285,6,0,332.4520000000002
PROD101,Fashion,3713.0,3029.8847,366,6,0,317.11529999999993
PROD218,Electronics,4771.0,4124.439,331,6,0,315.5609999999997
PROD415,Electronics,1105.8,672.4812,118,3,0,315.3188
PROD385,Electronics,8797.5,8064.925,418,3,0,314.5749999999998
PROD344,Fashion,1710.4,1258.622,148,2,0,303.778
PROD115,Electronics,2094.4,1546.219,251,1,0,297.18100000000004
PROD495,Electronics,2154.4,1685.065,189,1,1,280.33500000000004
PROD315,Electronics,2422.5,2094.42,53,1,0,275.0799999999999
PROD179,Fashion,2545.9,1990.497,285,1,0,270.403
PROD419,Fashion,2155.0,1640.894,245,1,0,269.106
PROD329,Fashion,3029.8,2388.0615000000003,375,7,0,266.73849999999993
PROD280,Fashion,1994.4,1654.889,83,4,0,256.5110000000002
PROD219,Fashion,14453.4,13923.825,283,6,0,246.5749999999989
PROD263,Electronics,1461.0,1143.259,72,1,0,245.74099999999999
PROD324,Electronics,13325.0,12591.966,490,9,1,243.03399999999965
PROD214,Fashion,3149.6,2607.6890000000003,299,5,0,242.9109999999996
PROD383,Electronics,12971.2,12154.447,583,8,0,233.7530000000006
PROD348,Fashion,4803.8,4183.701,387,5,0,233.09900000000016
PROD182,Electronics,6899.2,6554.343,119,2,0,225.85699999999997
PROD176,Electronics,4497.6,4145.245,129,3,0,223.35500000000047
PROD200,Fashion,1699.2,1256.597,231,1,0,211.60300000000007
PROD228,Electronics,1333.8,873.2707,252,1,0,208.52929999999992
PROD464,Fashion,4732.5,4032.2110000000002,494,7,2,206.28899999999976
PROD203,Electronics,1975.5,1561.3485,213,3,0,201.15149999999994
PROD122,Fashion,719.15,386.6185,136,1,0,196.5315
PROD289,Fashion,1711.5,1440.224,75,2,1,196.27600000000007
PROD243,Lifestyle,1693.6,1387.709,118,1,0,187.89099999999985
PROD164,Lifestyle,2040.0,1585.509,267,1,0,187.49099999999999
PROD353,Lifestyle,2919.0,2454.147,297,1,0,167.85300000000007
PROD117,Electronics,9501.3,8940.475999999999,397,6,0,163.82400000000052
PROD315,Lifestyle,17155.45,16254.426899999999,739,10,1,162.02310000000216
PROD152,Fashion,4143.0,3886.35,101,2,1,155.6500000000001
PROD340,Fashion,2629.05,2415.152,75,3,0,138.89800000000014
PROD297,Fashion,16144.4,15580.04,426,9,0,138.35999999999876
PROD435,Electronics,1640.8,1331.319,191,1,0,118.481
PROD106,Lifestyle,4365.0,4079.158,172,5,0,113.8420000000001
PROD358,Lifestyle,6555.2,6337.845,104,2,0,113.35499999999956
PROD250,Lifestyle,1271.25,895.034,270,5,0,106.21600000000001
PROD279,Fashion,1365.0,1141.023,125,1,0,98.97700000000009
PROD176,Fashion,3469.5,3078.853,299,3,0,91.64699999999993
PROD435,Lifestyle,841.0,595.1955,164,1,0,81.80449999999996
PROD347,Fashion,1970.3,1626.06,264,1,0,80.24000000000001
PROD313,Fashion,1686.0,1467.6087000000002,140,3,0,78.39129999999977
PROD100,Fashion,11702.4,11383.055,242,9,0,77.34499999999935
PROD341,Electronics,2236.8,2045.018,118,4,0,73.78200000000015
PROD438,Lifestyle,1841.1,1579.728,191,3,0,70.37199999999984
PROD220,Fashion,4787.8,4509.874,214,4,1,63.926000000000386
PROD411,Fashion,13509.0,13156.79,298,4,0,54.20999999999913
PROD373,Electronics,544.0,422.0823,69,1,0,52.917700000000025
PROD490,Electronics,1360.0,1053.67,261,1,0,45.32999999999993
PROD429,Electronics,7094.25,6886.144,167,3,0,41.10599999999977
PROD277,Lifestyle,952.0,735.4688,190,1,0,26.531200000000013
PROD347,Electronics,5000.4,4752.244,233,2,0,15.155999999999949
PROD388,Fashion,203.4,115.689,74,1,0,13.711000000000013
PROD147,Electronics,1486.75,1187.223,288,1,0,11.527000000000044
PROD480,Fashion,3379.2,3195.001,181,4,0,3.1989999999996144
PROD370,Fashion,710.6,597.102,115,1,0,-1.5019999999999527
PROD232,Lifestyle,2212.0,2097.755,120,5,0,-5.755000000000109
PROD481,Lifestyle,8421.6,8076.9848,352,6,1,-7.384799999999814
PROD274,Fashion,567.2,447.1173,130,1,1,-9.917299999999955
PROD433,Lifestyle,6244.0,6202.784,55,5,1,-13.78399999999965
PROD145,Fashion,8036.3,7753.253999999999,305,3,0,-21.953999999998814
PROD484,Lifestyle,1562.4,1314.537,286,2,0,-38.136999999999944
PROD167,Fashion,2856.0,2855.034,60,1,0,-59.034000000000106
PROD408,Fashion,16008.4,15298.958,769,7,0,-59.5580000000009
PROD493,Fashion,8860.0,8762.744,165,5,0,-67.7440000000006
PROD424,Electronics,2154.0,1947.339,283,4,0,-76.33899999999994
PROD407,Fashion,5691.2,5413.073,358,4,0,-79.8730000000005
PROD262,Electronics,1399.5,1236.077,261,1,0,-97.577
PROD135,Fashion,2091.0,2093.308,99,5,1,-101.30799999999999
PROD100,Lifestyle,1780.8,1696.984,198,1,1,-114.18399999999997
PROD159,Lifestyle,462.0,457.0363,122,3,0,-117.03629999999998
PROD140,Electronics,2742.0,2663.583,197,1,0,-118.58300000000008
PROD243,Fashion,252.45,160.3732,215,1,0,-122.92320000000001
PROD289,Electronics,491.3,448.5706,168,2,0,-125.2706
PROD454,Lifestyle,1710.0,1565.362,285,3,0,-140.36200000000008
PROD424,Lifestyle,1378.8,1304.004,220,2,0,-145.20399999999995
PROD314,Lifestyle,203.7,208.8047,145,1,0,-150.1047
PROD427,Lifestyle,4334.4,4216.234,269,2,0,-150.83400000000074
PROD369,Fashion,2049.75,2150.668,59,1,0,-159.91800000000012
PROD339,Fashion,1756.5,1629.793,298,1,0,-171.2929999999999
PROD298,Electronics,3787.0,3732.534,226,5,0,-171.5340000000001
PROD116,Lifestyle,6450.5,6227.487000000001,429,4,0,-205.987000000001
PROD139,Lifestyle,8073.75,7936.7937,350,10,0,-213.04370000000017
PROD136,Lifestyle,1255.8,1414.525,56,1,0,-214.72500000000014
PROD277,Fashion,6831.0,6956.663,99,2,0,-224.66299999999956
PROD344,Electronics,1029.0,1146.814,112,1,0,-229.81400000000008
PROD322,Lifestyle,185.4,128.384,289,1,0,-231.98399999999998
PROD303,Lifestyle,2572.2,2598.198,225,3,0,-250.99800000000005
PROD155,Fashion,4681.4,4497.7942,436,6,1,-252.39420000000064
PROD287,Lifestyle,3310.5,3292.899,273,1,1,-255.3989999999999
PROD274,Lifestyle,3618.0,3811.751,63,3,0,-256.7510000000002
PROD440,Lifestyle,1080.0,1118.867,240,4,0,-278.86699999999996
PROD459,Lifestyle,4310.8,4092.175,515,3,0,-296.375
PROD497,Lifestyle,11553.0,11661.26,204,5,1,-312.2600000000002
PROD459,Electronics,588.6,611.8935,293,3,0,-316.2935
PROD433,Electronics,4812.0,4965.114,166,2,0,-319.1139999999996
PROD144,Lifestyle,6320.0,6372.468000000001,279,3,0,-331.46800000000076
PROD445,Electronics,5251.5,5355.141,243,3,0,-346.6409999999996
PROD115,Fashion,713.0,681.2837,387,3,0,-355.28369999999995
PROD179,Electronics,14431.0,14250.154,552,6,1,-371.15400000000045
PROD192,Lifestyle,26080.0,25942.715,510,12,0,-372.71500000000015
PROD305,Fashion,15350.1,15432.946,298,5,0,-380.84599999999955
PROD309,Electronics,8750.2,8719.521999999999,415,7,0,-384.3219999999983
PROD310,Electronics,6922.8,7011.049,297,3,0,-385.2489999999998
PROD192,Electronics,1887.2,1802.1714,480,2,0,-394.9713999999999
PROD441,Fashion,960.4,1066.35,293,2,0,-398.94999999999993
PROD207,Fashion,2403.6,2647.195,164,2,0,-407.59500000000025
PROD400,Lifestyle,2018.5,2305.45,127,1,0,-413.9499999999998
PROD110,Lifestyle,8372.0,8551.555,264,4,0,-443.5550000000003
PROD382,Lifestyle,20948.9,21007.874,414,13,0,-472.97399999999834
PROD293,Lifestyle,8112.35,8255.362000000001,361,6,1,-504.0120000000006
PROD239,Lifestyle,4297.65,4403.4310000000005,408,2,0,-513.7810000000009
PROD467,Electronics,5026.0,5514.031,54,5,0,-542.031
PROD444,Electronics,2643.0,2903.184,283,1,0,-543.1840000000002
PROD446,Lifestyle,6899.2,7321.525,127,2,0,-549.3249999999998
PROD467,Lifestyle,1884.6,2379.257,115,3,0,-609.6570000000002
PROD266,Lifestyle,16189.45,16399.211,401,7,0,-610.7609999999986
PROD233,Fashion,2107.2,2496.464,233,2,0,-622.2640000000001
PROD146,Lifestyle,6090.0,6264.6607,452,7,0,-626.6607000000004
PROD259,Lifestyle,3214.8,3714.157,134,3,0,-633.357
PROD354,Lifestyle,4877.8,5036.4618,483,4,0,-641.6617999999999
PROD228,Lifestyle,1570.3,1995.6252,228,2,0,-653.3252
PROD440,Fashion,11888.9,12511.219,119,6,0,-741.3189999999995
PROD103,Electronics,8961.0,9447.418,259,4,1,-745.4179999999997
PROD133,Fashion,3434.4,4039.53,143,4,0,-748.1300000000001
PROD435,Fashion,13363.449999999999,13773.4287,375,7,0,-784.9787000000015
PROD359,Fashion,14622.0,15119.91,291,5,0,-788.9099999999999
PROD471,Lifestyle,27143.3,27198.933599999997,776,12,1,-831.6335999999974
PROD275,Fashion,11745.3,12065.5709,526,11,0,-846.2709000000013
PROD146,Electronics,16928.0,17606.703999999998,231,6,0,-909.7039999999979
PROD492,Electronics,2812.8,3487.526,252,1,0,-926.7259999999997
PROD391,Lifestyle,3225.2999999999997,4005.7088,181,2,0,-961.4088000000002
PROD369,Lifestyle,1636.0,2449.509,150,2,0,-963.509
PROD169,Electronics,13495.5,14126.063999999998,355,6,1,-985.5639999999985
PROD340,Lifestyle,1643.5,2459.05,186,1,0,-1001.5500000000002
PROD339,Lifestyle,5583.6,6282.111,328,4,0,-1026.5109999999995
PROD346,Electronics,4707.5,5581.473,285,5,0,-1158.973
PROD489,Electronics,14675.5,15841.59,52,5,0,-1218.0900000000001
PROD259,Fashion,11348.6,12187.9051,490,9,0,-1329.3050999999996
PROD432,Fashion,2075.0,3185.988,228,1,1,-1338.9879999999998
PROD103,Lifestyle,2406.1,3463.576,292,2,1,-1349.476
PROD319,Electronics,6726.0,8044.876,109,5,0,-1427.8760000000002
PROD487,Fashion,9675.0,11089.04,154,5,1,-1568.0400000000009
PROD254,Electronics,3362.5,4787.582,155,5,0,-1580.0820000000003
PROD254,Fashion,14079.1,15444.742,396,6,0,-1761.6419999999998
PROD404,Fashion,3109.0,4967.063,285,2,0,-2143.063
PROD154,Fashion,6271.5,8499.145,506,4,0,-2733.6450000000004
PROD387,Electronics,8097.0,10648.43,275,5,0,-2826.4300000000003
PROD223,Lifestyle,9141.9,11855.3147,386,8,0,-3099.414700000001
PROD246,Fashion,14603.0,17467.67,393,7,0,-3257.6699999999983
PROD170,Electronics,7548.0,11394.25,135,4,0,-3981.25
PROD473,Fashion,17328.0,21124.961,295,7,0,-4091.9609999999993
PROD380,Lifestyle,15064.1,18730.136100000003,698,7,1,-4364.036100000003
PROD232,Fashion,8495.5,12648.179,512,7,0,-4664.679
